,starting_capital,ending_capital,net_profit,return_pct,total_trades,winning_trades,losing_trades,win_rate,profit_factor,avg_win,avg_loss,max_drawdown_pct,sharpe_ratio
options_premium,100000.0,111360.10677602302,11360.106776023022,11.360106776023022,37.0,27.0,10.0,72.97297297297297,2.382964553476023,724.978592329721,-821.4315216879461,3.680808369971495,7.790000460133087
breakout_momentum,100000.0,94457.81646764695,-5542.183532353054,-5.542183532353054,73.0,44.0,29.0,60.273972602739725,1.2696754098931928,622.5391549974291,-743.9241233178269,16.36677018904785,4.033267778915748
mean_reversion,100000.0,91278.25197677918,-8721.748023220818,-8.721748023220819,113.0,67.0,46.0,59.29203539823009,0.938756869146129,664.3414463156637,-1030.7543844065292,18.078627916628246,2.0818707455716234
